block_number,tx_hash,safe_tx_hash,safe_data_hash,nonce,threshold,calldata,to,value,signers
12044302,0xce161e0675c7d694e2d5b4498ef3e67ea5f1ffa0a77224ccef7d4826549fbeaf,0x1de5535e36df6e3b4dea147a2d3f951f0ac237ef4f5317c3fe08f78af701ed94,0x1901b3ded2bdbff5db1a87f6d551fa256e9f2bd6517a3bb84f4c2ea863fb3a559622a84230d2b69d46830b33970d54da8d3e2df10792bbffdd2dbd13d6122b0c11d0,0,3,0x,0xBE72691acA605050d1e693a2C2C6A9f3F41dC939,500000000000000000,"[0x2cDD560058D5ac32dc416AAa09Eaf93230c0B7B3, 0xBE72691acA605050d1e693a2C2C6A9f3F41dC939, 0xD367f8322b64F29faF71dDB5c1877dC9ED6EC644]"
12241921,0xd2918f1f4f3206f71f1ecc2b26c622d5ea8837f684b7a731728ece352c39fd19,0x4848de6f45188f3a584b5fb9f3c5f41840735f7c288c9588972049d798de694c,0x1901b3ded2bdbff5db1a87f6d551fa256e9f2bd6517a3bb84f4c2ea863fb3a559622c7ce4a6f4f6e624326d22b74f80ee425055e744ec924337816b206a92f78d124,1,3,0x,0x1Db92e2EeBC8E0c075a02BeA49a2935BcD2dFCF4,0,"[0x2cDD560058D5ac32dc416AAa09Eaf93230c0B7B3, 0xBE72691acA605050d1e693a2C2C6A9f3F41dC939, 0xD367f8322b64F29faF71dDB5c1877dC9ED6EC644]"
12241928,0xb58bf3fc4df64c6970c5ab0e094a2463310b0524636c9c5d7d69999f3befdfd3,0xb2aefad5724f3b2fca3a5e809db8aea567157878812b4c6e06b9afa7e8a5b3ef,0x1901b3ded2bdbff5db1a87f6d551fa256e9f2bd6517a3bb84f4c2ea863fb3a5596228355b02dc21b1f6064c12c42bde2494f960d696331419ff7c71b69976f670ab4,2,3,0x,0x828424517F9F04015db02169f4026D57B2B07229,25000000000000000000000,"[0x2cDD560058D5ac32dc416AAa09Eaf93230c0B7B3, 0xBE72691acA605050d1e693a2C2C6A9f3F41dC939, 0xD367f8322b64F29faF71dDB5c1877dC9ED6EC644]"
12263002,0x0c927362854c77421370f5873946057afde923b2ae39fd954b185fd62e93f2dd,0xf124fc18d532c363c15d20ce2daebf4dc3689953924e9fb93950ed40c9662f4a,0x1901b3ded2bdbff5db1a87f6d551fa256e9f2bd6517a3bb84f4c2ea863fb3a559622463c0cf759a09454da9ffc4f8bafab99de81a4c6223d0bac8b880339447f91fc,3,3,0x,0xd66b48f1E4403fbdd078fec71373AE20580488Cf,4200000000000000000000,"[0xBE72691acA605050d1e693a2C2C6A9f3F41dC939, 0xD367f8322b64F29faF71dDB5c1877dC9ED6EC644, 0xe3dF2cCEAc61B1aFA311372ecC5B40A3A6585a9E]"
12263012,0xd681645e9afdcf95f891a9911e76aefa7d718630c5ab863e61da6103eef419c2,0xc846e875e10ae5d4f031b6a82fd2c25729b0c108c64a98728f856c1c5d0f051c,0x1901b3ded2bdbff5db1a87f6d551fa256e9f2bd6517a3bb84f4c2ea863fb3a5596227d07141e45853e9e5e2c0c861a75ab1ab0b7dd58a5607a5b2055dcf5bce9c036,4,3,0x,0xd66b48f1E4403fbdd078fec71373AE20580488Cf,300000000000000000000,"[0xBE72691acA605050d1e693a2C2C6A9f3F41dC939, 0xD367f8322b64F29faF71dDB5c1877dC9ED6EC644, 0xe3dF2cCEAc61B1aFA311372ecC5B40A3A6585a9E]"
12270291,0x60fa88f512f4cbfc2a585a8ad94ae3c0cd5dbbe3138409330edd845c3fa9ddee,0xfb0e4adb0fb98c4d31e3da1b8ae213c9f4dea92bedb9183d00094aed7d298d70,0x1901b3ded2bdbff5db1a87f6d551fa256e9f2bd6517a3bb84f4c2ea863fb3a55962246574978c35ba1ecf4e222edc7330f048943b465150dbad5f60bcd16106fc926,5,3,0x,0x828424517F9F04015db02169f4026D57B2B07229,20000000000000000000000,"[0x2cDD560058D5ac32dc416AAa09Eaf93230c0B7B3, 0xBE72691acA605050d1e693a2C2C6A9f3F41dC939, 0xe3dF2cCEAc61B1aFA311372ecC5B40A3A6585a9E]"
12308135,0xcb138f8500b06883e7dc475e9a773086aa918d52e39cfc4ffbd1858c0e5ac8c2,0x6e872ed208df6d9e08751e9037766f36f820981a26b99d7081687017a4e4adbd,0x1901b3ded2bdbff5db1a87f6d551fa256e9f2bd6517a3bb84f4c2ea863fb3a55962257da673a4d4d882fe8cdac8da1d3d29a5809d3f33ddc7c52335cec0b6928ff2f,6,3,0x,0x828424517F9F04015db02169f4026D57B2B07229,20000000000000000000000,"[0x2cDD560058D5ac32dc416AAa09Eaf93230c0B7B3, 0xBE72691acA605050d1e693a2C2C6A9f3F41dC939, 0xD367f8322b64F29faF71dDB5c1877dC9ED6EC644]"
12348991,0xea1d6881f37a35b8e74a327e8251deab111102c03a6cf79e7b69ae9939577c99,0x0821fc068eac23fbeeb31b3f08fc413d6a9315f871d73be9afd75b16431b364e,0x1901b3ded2bdbff5db1a87f6d551fa256e9f2bd6517a3bb84f4c2ea863fb3a55962275c2f47d1e437b279a05ac6dad3b19d2a1b5e99e06245f6220f000648465e197,7,3,0x,0x828424517F9F04015db02169f4026D57B2B07229,20000000000000000000000,"[0x2cDD560058D5ac32dc416AAa09Eaf93230c0B7B3, 0xBE72691acA605050d1e693a2C2C6A9f3F41dC939, 0xD367f8322b64F29faF71dDB5c1877dC9ED6EC644]"
12407284,0x6c5a49725a22618a4044885fa1bb340e0e3097a131fc9062fb48c00bfb3fc715,0x64a80f531ea34b095209c07f6a04dff7d61ccd335c4437b4421cb83b3c7db03d,0x1901b3ded2bdbff5db1a87f6d551fa256e9f2bd6517a3bb84f4c2ea863fb3a5596225fc36dc8b0b89539ff8c6ab386a0230f768ce4616dde2bc82ddb5688fb8ac514,8,3,0x,0x828424517F9F04015db02169f4026D57B2B07229,20000000000000000000000,"[0xBE72691acA605050d1e693a2C2C6A9f3F41dC939, 0xD367f8322b64F29faF71dDB5c1877dC9ED6EC644, 0xe3dF2cCEAc61B1aFA311372ecC5B40A3A6585a9E]"
12423250,0x57167c27ce301b90ec655ade47f12aa1f2607eddd443bb524f3a8d45c9618b45,0x18622b261428780d18eb9bd36f8976ecb0a2ea90a289bf49e3b3687d1730eeb7,0x1901b3ded2bdbff5db1a87f6d551fa256e9f2bd6517a3bb84f4c2ea863fb3a559622461ad36e11c4edab60de990859b6d14c99862cfcd4263934741d559d73b82434,9,3,0x,0x828424517F9F04015db02169f4026D57B2B07229,30000000000000000000000,"[0xBE72691acA605050d1e693a2C2C6A9f3F41dC939, 0xD367f8322b64F29faF71dDB5c1877dC9ED6EC644, 0xe3dF2cCEAc61B1aFA311372ecC5B40A3A6585a9E]"
12436335,0x06313511f708641e1be4b76fb1eec5129f5cf581050b25012ae30f1910d42d0b,0xbaf9103754fdf07827f09157188cbec5ed28f21e04b68a2ed36a55a569c0a364,0x1901b3ded2bdbff5db1a87f6d551fa256e9f2bd6517a3bb84f4c2ea863fb3a55962284198c5479c72e149f1b6505ea9d40967ce8669dac08c7ceb711e8a766c09e8c,10,3,0x,0x828424517F9F04015db02169f4026D57B2B07229,20000000000000000000000,"[0x2cDD560058D5ac32dc416AAa09Eaf93230c0B7B3, 0xBE72691acA605050d1e693a2C2C6A9f3F41dC939, 0xD367f8322b64F29faF71dDB5c1877dC9ED6EC644]"
12449771,0xb6376d2e060bad4b0375951629adb41415623db2408b99d45da649e04d1818ce,0x92836198f1879f11146f8d6c52128fced967d65d40046f3babcd5440d306ccbb,0x1901b3ded2bdbff5db1a87f6d551fa256e9f2bd6517a3bb84f4c2ea863fb3a559622c1b79a6d05964b18812727677d6b2b3efcdedb096f4477686d535d6f34acef6b,11,3,0x,0x828424517F9F04015db02169f4026D57B2B07229,30000000000000000000000,"[0x2cDD560058D5ac32dc416AAa09Eaf93230c0B7B3, 0xBE72691acA605050d1e693a2C2C6A9f3F41dC939, 0xe3dF2cCEAc61B1aFA311372ecC5B40A3A6585a9E]"
12466427,0x8ffb170dc59430b6ebdda88f9495655b0c5cef81df216bb6482624ed9591c4f3,0xe443adf0fafeb3a08599ce9b16b9605a9a9b0223196393a5fc6f1702c9425e34,0x1901b3ded2bdbff5db1a87f6d551fa256e9f2bd6517a3bb84f4c2ea863fb3a5596228c85f13acf3475683f43b754a0de7fcd76e0b1d94ec2a8ae4ec9ba90e4332918,12,3,0x,0x828424517F9F04015db02169f4026D57B2B07229,30000000000000000000000,"[0x2cDD560058D5ac32dc416AAa09Eaf93230c0B7B3, 0xBE72691acA605050d1e693a2C2C6A9f3F41dC939, 0xD367f8322b64F29faF71dDB5c1877dC9ED6EC644]"
12471996,0xe2757b3e9c45abdb9bdbb6a0561f1c9b9de9aade4cfc7e9d9a9cb75d7c4c3d4d,0x23af9f5abea220eb93d6c069ce7f68b66682f72fd3c39661adeeab7f2ccbc15e,0x1901b3ded2bdbff5db1a87f6d551fa256e9f2bd6517a3bb84f4c2ea863fb3a5596221c2f154b0f715bbf7b819ccf540a89e769f16fd1a5b9af80edb7f5fc94c5eb62,13,3,0x,0x828424517F9F04015db02169f4026D57B2B07229,30000000000000000000000,"[0xBE72691acA605050d1e693a2C2C6A9f3F41dC939, 0xD367f8322b64F29faF71dDB5c1877dC9ED6EC644, 0xe3dF2cCEAc61B1aFA311372ecC5B40A3A6585a9E]"
12504081,0x6dbc75c5e1ef75e8e75d1164446774f705f378524dd678590dfac3d4b814e694,0x144aad603d2475f3c12b950f2f55e68ba6829b63851be5f14c665c48229bdbbf,0x1901b3ded2bdbff5db1a87f6d551fa256e9f2bd6517a3bb84f4c2ea863fb3a559622808ace44ec5d9cf93fa49dd8076595d50c2a90fd876633ee65a250b71f7f48c6,14,3,0x,0x828424517F9F04015db02169f4026D57B2B07229,40000000000000000000000,"[0x2cDD560058D5ac32dc416AAa09Eaf93230c0B7B3, 0xBE72691acA605050d1e693a2C2C6A9f3F41dC939, 0xe3dF2cCEAc61B1aFA311372ecC5B40A3A6585a9E]"
12526982,0x9a12de0e3abfd134aacbe26c9d1362279d6f03bcae0189412b6e103e28fa9082,0x71a7791a745d21484bd0de99e5f70eb46747a84b332e8aebc0793d132f435653,0x1901b3ded2bdbff5db1a87f6d551fa256e9f2bd6517a3bb84f4c2ea863fb3a5596227474e8ee15bab0a451cb7d2dcc430d5c911f0106b74e9f55f7138360fd08ccdb,15,3,0x,0x828424517F9F04015db02169f4026D57B2B07229,20000000000000000000000,"[0xBE72691acA605050d1e693a2C2C6A9f3F41dC939, 0xD367f8322b64F29faF71dDB5c1877dC9ED6EC644, 0xe3dF2cCEAc61B1aFA311372ecC5B40A3A6585a9E]"
12548959,0xcd156827e3d620d30855bd0f48f775087b18fa1c4e629d18c026d57db01b6671,0xdd4e6f444c8b6a30ef21f91f50341f0841d6146adae41db594bfc502901dee56,0x1901b3ded2bdbff5db1a87f6d551fa256e9f2bd6517a3bb84f4c2ea863fb3a559622893dae16489f63aa27bd6f0fe6394d9e70dcb46fb0ff4c0baf31996c53e8645b,16,3,0x,0x828424517F9F04015db02169f4026D57B2B07229,25000000000000000000000,"[0xBE72691acA605050d1e693a2C2C6A9f3F41dC939, 0xD367f8322b64F29faF71dDB5c1877dC9ED6EC644, 0xe3dF2cCEAc61B1aFA311372ecC5B40A3A6585a9E]"
12594618,0x0d9eefb0cfaf8c61fd7626d6892ac10fcbf1c84b7f1a11da0a7246a78163f271,0x6dd0d811d4335afb93ffd1169221dc8da081101648e0c8e815f7487870d86b3c,0x1901b3ded2bdbff5db1a87f6d551fa256e9f2bd6517a3bb84f4c2ea863fb3a5596220afa7b2f886c7e93a880560dc61d46a1c22f440b5d11217804e7bb1d0b90350c,17,3,0x,0x828424517F9F04015db02169f4026D57B2B07229,30000000000000000000000,"[0xBE72691acA605050d1e693a2C2C6A9f3F41dC939, 0xD367f8322b64F29faF71dDB5c1877dC9ED6EC644, 0xe3dF2cCEAc61B1aFA311372ecC5B40A3A6585a9E]"
12690846,0x6a38928c57dba846aa4e04e99bd5f73a8dde3f17a56517a225c673ebcd4bc1a2,0x688a0ebda5b82bdb21bca646bae1d7e7b7520b77e757685a0900e75ec79e8772,0x1901b3ded2bdbff5db1a87f6d551fa256e9f2bd6517a3bb84f4c2ea863fb3a559622338b00c825878fea3fd6cf1b1cd682bff7166d806e861d99339a0e0f9f5eb429,18,3,0x,0xee5B5B923fFcE93A870B3104b7CA09c3db80047A,20000000000000000000000,"[0x2cDD560058D5ac32dc416AAa09Eaf93230c0B7B3, 0xBE72691acA605050d1e693a2C2C6A9f3F41dC939, 0xe3dF2cCEAc61B1aFA311372ecC5B40A3A6585a9E]"
12690867,0x45ea562dee0b6c17e97d590710317a7c9e370002768a95b5858874334028d0e1,0x5414ec63f2fd67f9c49f5c73315584ae854dde16bbc66f66838147e0486e58ca,0x1901b3ded2bdbff5db1a87f6d551fa256e9f2bd6517a3bb84f4c2ea863fb3a559622a5d95722df4f28cee6a90244d270cb776c1a1980789ee7bc4b80664fb54b0e06,19,3,0x,0x828424517F9F04015db02169f4026D57B2B07229,10000000000000000000000,"[0x2cDD560058D5ac32dc416AAa09Eaf93230c0B7B3, 0xBE72691acA605050d1e693a2C2C6A9f3F41dC939, 0xe3dF2cCEAc61B1aFA311372ecC5B40A3A6585a9E]"
12777762,0x668b6cdddde28b3d152247351844cd792f309adb532bd87cbb439cf9cb81c4ea,0x893aed5609b14e40bf961ecd0267fe8db7aa655c3993c76adab8729e032e8806,0x1901b3ded2bdbff5db1a87f6d551fa256e9f2bd6517a3bb84f4c2ea863fb3a559622d7734aa42aed753fc07504378ec4f42fcc9d06af5e5693c8229b123ebb206d18,20,3,0x,0xee5B5B923fFcE93A870B3104b7CA09c3db80047A,25000000000000000000000,"[0xBE72691acA605050d1e693a2C2C6A9f3F41dC939, 0xD367f8322b64F29faF71dDB5c1877dC9ED6EC644, 0xe3dF2cCEAc61B1aFA311372ecC5B40A3A6585a9E]"
12886583,0xecf2efc8308692091116fcaffb3ce7a851e59ed56174aca3815bda5b470cda4e,0xc9906acc22171eda4cc49aee080689b25fe8b247bce69718b4d25402d4d5a9b7,0x1901b3ded2bdbff5db1a87f6d551fa256e9f2bd6517a3bb84f4c2ea863fb3a559622e8ca482ac34797c7905bb014dfe8163ec8ad750e54b85fcbc37f7e22392ab6d2,21,3,0x,0xee5B5B923fFcE93A870B3104b7CA09c3db80047A,25000000000000000000000,"[0x2cDD560058D5ac32dc416AAa09Eaf93230c0B7B3, 0xBE72691acA605050d1e693a2C2C6A9f3F41dC939, 0xe3dF2cCEAc61B1aFA311372ecC5B40A3A6585a9E]"
12928289,0xa480d849da0596b84d1933ec56f68fd6c8567f6e7fdf3fb76d5936ab4188efd2,0x7b543c5403b2cdf7ef24b32ceffe8b176fd2b2fe40ff5635ec7cdd73111068eb,0x1901b3ded2bdbff5db1a87f6d551fa256e9f2bd6517a3bb84f4c2ea863fb3a5596226d5086f6de30c4643404da081538da2f1b1bddd0b47d07d66d24d94d37162178,22,3,0x,0xA2af528689E9df84ea482fbB1Ab7685A9CF1e9f9,15000000000000000000000,"[0x2cDD560058D5ac32dc416AAa09Eaf93230c0B7B3, 0xBE72691acA605050d1e693a2C2C6A9f3F41dC939, 0xe3dF2cCEAc61B1aFA311372ecC5B40A3A6585a9E]"
13020656,0x8a52ffc044de165590308b6481f276f603456524a10a2eccd8c6fe3d62fd0b5c,0xd3b442cbc40ffcde56568a0fbb98f32e1977d24b08cf138298bee6cdcc1d92de,0x1901b3ded2bdbff5db1a87f6d551fa256e9f2bd6517a3bb84f4c2ea863fb3a559622fae11f92e9878d805452095862d0e81de70ace4615a72ae65047db7a90977e79,23,3,0x,0x828424517F9F04015db02169f4026D57B2B07229,10000000000000000000000,"[0xBE72691acA605050d1e693a2C2C6A9f3F41dC939, 0xD367f8322b64F29faF71dDB5c1877dC9ED6EC644, 0xe3dF2cCEAc61B1aFA311372ecC5B40A3A6585a9E]"
13020658,0x0764d00d49b1ead2f5a9221d709ed6038aa204062644cfc1bee4fe59cd9884a7,0xb19c32decda550ebf95ec9d98e54b6c2cb08ae1269257d8e9635aef5efdcae00,0x1901b3ded2bdbff5db1a87f6d551fa256e9f2bd6517a3bb84f4c2ea863fb3a5596228307ccbb1db2a8d3c22b91d0f34bc7b2647c8f3122e16831e13d0bff331b31c0,24,3,0x,0xee5B5B923fFcE93A870B3104b7CA09c3db80047A,25000000000000000000000,"[0xBE72691acA605050d1e693a2C2C6A9f3F41dC939, 0xD367f8322b64F29faF71dDB5c1877dC9ED6EC644, 0xe3dF2cCEAc61B1aFA311372ecC5B40A3A6585a9E]"
13091270,0x2649a5c8f7d4891a35eca0d27104dd68cab7ab7fb64c3663c852500605675ec8,0x3d444e9eb727f59ca7b43b8218fd499baf8b83ff29e12888a53859021adaa7f5,0x1901b3ded2bdbff5db1a87f6d551fa256e9f2bd6517a3bb84f4c2ea863fb3a55962237739ba4a99562310c0559a4b5fd677cc60bcdb022e52093508966ae1fc91c5c,25,3,0x,0xee5B5B923fFcE93A870B3104b7CA09c3db80047A,20000000000000000000000,"[0x2cDD560058D5ac32dc416AAa09Eaf93230c0B7B3, 0xBE72691acA605050d1e693a2C2C6A9f3F41dC939, 0xe3dF2cCEAc61B1aFA311372ecC5B40A3A6585a9E]"
13091281,0xe88997f2b481a5637930c416a9301e14b5be974c591a4c441dddcb15050ae078,0xa819f66ef62dabcf211d020479b952fd4c17a579c99ebb5a275ab6ee8fa6e3d6,0x1901b3ded2bdbff5db1a87f6d551fa256e9f2bd6517a3bb84f4c2ea863fb3a559622c6eff8d954e400d027d77ecfd1a1d41773ee0474a93eda55d4fe75f29ffe37f8,26,3,0x,0x828424517F9F04015db02169f4026D57B2B07229,8000000000000000000000,"[0x2cDD560058D5ac32dc416AAa09Eaf93230c0B7B3, 0xBE72691acA605050d1e693a2C2C6A9f3F41dC939, 0xe3dF2cCEAc61B1aFA311372ecC5B40A3A6585a9E]"
13201069,0x04b9916af082aac6db7421de5ccdeda2900e4f188247b3d5c95396e711f9d9f7,0x8171392b4c58f1a4f09bb6f1334cfc008b7d30e809f56e5deb8fb6bc9e2c43a6,0x1901b3ded2bdbff5db1a87f6d551fa256e9f2bd6517a3bb84f4c2ea863fb3a5596228912f9d40082e85b1d5a1635023be812f6d06e99cd709fd7bca2c0a3176d8d8b,27,3,0x,0x828424517F9F04015db02169f4026D57B2B07229,20000000000000000000000,"[0xBE72691acA605050d1e693a2C2C6A9f3F41dC939, 0xD367f8322b64F29faF71dDB5c1877dC9ED6EC644, 0xe3dF2cCEAc61B1aFA311372ecC5B40A3A6585a9E]"
13203238,0xbe965c45e9dab24f8d9dcfb19a236a41ce66da94caed35d949234b7b0b13143f,0x72679a323c56aa6b86c2a09c9ed4d989a9c82005762eb0871ea5ae456a7b491a,0x1901b3ded2bdbff5db1a87f6d551fa256e9f2bd6517a3bb84f4c2ea863fb3a559622bc1566324ee0523e11e77401ef7d8775a9e8016a490201ac9c619687521a57c4,28,3,0x,0xee5B5B923fFcE93A870B3104b7CA09c3db80047A,25000000000000000000000,"[0xBE72691acA605050d1e693a2C2C6A9f3F41dC939, 0xD367f8322b64F29faF71dDB5c1877dC9ED6EC644, 0xe3dF2cCEAc61B1aFA311372ecC5B40A3A6585a9E]"
13250267,0xd0e2a7855c7f266ed1f7ac4231289f37056643917fc4a892b487a8f60da08f6a,0x501c8b9de7c2ba42256e82e9df55b357a514c9ee7a66b30092719737e90e366a,0x1901b3ded2bdbff5db1a87f6d551fa256e9f2bd6517a3bb84f4c2ea863fb3a559622cbd9bb7c21e52b6b7f69704edef859755a8a82c340c660caa5291bca1830472c,29,3,0x,0x828424517F9F04015db02169f4026D57B2B07229,10000000000000000000000,"[0xBE72691acA605050d1e693a2C2C6A9f3F41dC939, 0xD367f8322b64F29faF71dDB5c1877dC9ED6EC644, 0xe3dF2cCEAc61B1aFA311372ecC5B40A3A6585a9E]"
13291539,0x6078f7472c748925c9ea09cfe128cf2d114db1afffac767a775b2f04ab66435a,0x75fbad8db3d2d64b6be644bca73cfa7c8aa9fedb52cf5110d9899ae8896e92ea,0x1901b3ded2bdbff5db1a87f6d551fa256e9f2bd6517a3bb84f4c2ea863fb3a559622a83fc67631298e2ee2cf47d281c3dec6c965ac3252f40a247be00b74b5fc6ef5,30,3,0x,0xee5B5B923fFcE93A870B3104b7CA09c3db80047A,25000000000000000000000,"[0xBE72691acA605050d1e693a2C2C6A9f3F41dC939, 0xD367f8322b64F29faF71dDB5c1877dC9ED6EC644, 0xe3dF2cCEAc61B1aFA311372ecC5B40A3A6585a9E]"
13343403,0x2ac55d804e1073c7fdf307a39480cbc48f8c2ffb63e17c3625d6cd25ec81a312,0x01f2bb98d48b7064258e6c8b7fc74de60182e0953b94644532eed908a8bee66e,0x1901b3ded2bdbff5db1a87f6d551fa256e9f2bd6517a3bb84f4c2ea863fb3a559622d049cdac09b95fc5ce12753687a1d9d31c3704cc738eb331d25d289b2d45d708,31,3,0x,0xee5B5B923fFcE93A870B3104b7CA09c3db80047A,25000000000000000000000,"[0x2cDD560058D5ac32dc416AAa09Eaf93230c0B7B3, 0xBE72691acA605050d1e693a2C2C6A9f3F41dC939, 0xD367f8322b64F29faF71dDB5c1877dC9ED6EC644]"
13345193,0x0b67ae9f5a7569d0c4dd89e9789121a5f59e3686c4d5763d7eb32d70d4aba922,0x9ce04791683d88fc42b160352892a03127b1bcb16c04453a661f6f772f69d5eb,0x1901b3ded2bdbff5db1a87f6d551fa256e9f2bd6517a3bb84f4c2ea863fb3a55962288660024b64de10cb4beadfc453ae67a8c17a69a0feb350510aece6655ee1481,32,3,0x,0x828424517F9F04015db02169f4026D57B2B07229,20000000000000000000000,"[0x2cDD560058D5ac32dc416AAa09Eaf93230c0B7B3, 0xBE72691acA605050d1e693a2C2C6A9f3F41dC939, 0xD367f8322b64F29faF71dDB5c1877dC9ED6EC644]"
13474948,0xd412d5f01a77fa6f2ac6696500bcf77da5b9cd945202317d73e40138074626e0,0x92cb02ac6a9959d42259413c19df9dae769438e0b23b32cd92a9b35446d19744,0x1901b3ded2bdbff5db1a87f6d551fa256e9f2bd6517a3bb84f4c2ea863fb3a559622fc12e3a9f044b124351b9fbe4b3b3a3c29c8744a3c32e0d99cd3c0828a6b3826,33,3,0x,0xee5B5B923fFcE93A870B3104b7CA09c3db80047A,20000000000000000000000,"[0x2cDD560058D5ac32dc416AAa09Eaf93230c0B7B3, 0xBE72691acA605050d1e693a2C2C6A9f3F41dC939, 0xe3dF2cCEAc61B1aFA311372ecC5B40A3A6585a9E]"
13512704,0xcd45e217049cf9ce1a3fd87aae3e4fecf63c8f3c31396a9ddd3e641ceef159f0,0x1370eba423a2b68298ff31688030587a990894cd397dc316a6416aad6cd46300,0x1901b3ded2bdbff5db1a87f6d551fa256e9f2bd6517a3bb84f4c2ea863fb3a559622a121a5f20625f842e02bc7dc4ee3a42d9af16108125aac471fe8bcf46c35787e,34,3,0x0d582f13000000000000000000000000828424517f9f04015db02169f4026d57b2b072290000000000000000000000000000000000000000000000000000000000000003,0x1Db92e2EeBC8E0c075a02BeA49a2935BcD2dFCF4,0,"[0x2cDD560058D5ac32dc416AAa09Eaf93230c0B7B3, 0xBE72691acA605050d1e693a2C2C6A9f3F41dC939, 0xe3dF2cCEAc61B1aFA311372ecC5B40A3A6585a9E]"
13567533,0x27cb4b366ebfbd5c6f5f63160a5824d5346afac123022afbb5ac0ac159a6003d,0xfef7092ade8d6d3458fe65cbe980f6d411697a6fc6b21f30f05b32320459d0b0,0x1901b3ded2bdbff5db1a87f6d551fa256e9f2bd6517a3bb84f4c2ea863fb3a5596227bda2b2feebc2beda7667f283a26e048f46e7a6297b3220c0febbe9ae06e0e3e,35,3,0x,0xee5B5B923fFcE93A870B3104b7CA09c3db80047A,20000000000000000000000,"[0x828424517F9F04015db02169f4026D57B2B07229, 0xBE72691acA605050d1e693a2C2C6A9f3F41dC939, 0xD367f8322b64F29faF71dDB5c1877dC9ED6EC644]"
13606082,0x9fbe80f42159807c29c192a2fee18239c54fff039341a8b102ca3de4fd018701,0xab669375ef96626e980aef72eb56cb71fe0431b13ee1531c406341bcf6b53138,0x1901b3ded2bdbff5db1a87f6d551fa256e9f2bd6517a3bb84f4c2ea863fb3a55962282ec4437a0d498c17e35829f15a1075b0be6e4ec4fbb328b571d1685c37ccf44,36,3,0x,0x828424517F9F04015db02169f4026D57B2B07229,10000000000000000000000,"[0x2cDD560058D5ac32dc416AAa09Eaf93230c0B7B3, 0x828424517F9F04015db02169f4026D57B2B07229, 0xBE72691acA605050d1e693a2C2C6A9f3F41dC939]"
13611615,0x794310418c8d4f1b34d76d29bcc97639dc148d2185ca467bc35d7272ebea9674,0x7442a5d5bea220184956c56e84d175b855fcdc17c08c41b55ecc79dabe25881f,0x1901b3ded2bdbff5db1a87f6d551fa256e9f2bd6517a3bb84f4c2ea863fb3a5596221ced7567f853af7c6549657e5f513a9b4096f63c2efbd4e2a46e06a97513e0f7,37,3,0x,0xee5B5B923fFcE93A870B3104b7CA09c3db80047A,15000000000000000000000,"[0x828424517F9F04015db02169f4026D57B2B07229, 0xBE72691acA605050d1e693a2C2C6A9f3F41dC939, 0xe3dF2cCEAc61B1aFA311372ecC5B40A3A6585a9E]"
13669728,0x721feb80389a6d65a121c9e1a33ebff99ec93b789bb0501303c7c02f7d394b65,0xebcd28aaab28af0c33deff063f3cc78d6b492907bcd279ea85393c5496c8e9c3,0x1901b3ded2bdbff5db1a87f6d551fa256e9f2bd6517a3bb84f4c2ea863fb3a559622d1c84eea87ee5b1e6eb1cb5be3a185844f4530f7a5c54d2f1aee86ba2a6a793c,38,3,0x,0xee5B5B923fFcE93A870B3104b7CA09c3db80047A,20000000000000000000000,"[0x828424517F9F04015db02169f4026D57B2B07229, 0xBE72691acA605050d1e693a2C2C6A9f3F41dC939, 0xD367f8322b64F29faF71dDB5c1877dC9ED6EC644]"
13744756,0x15e9ef81d1c070113711e8f2425e55bae943ad11f60bf09e0782269a63170232,0xd99fabf9f4f8731c82f3d41d8cc3108f6ea6dbf3d6bbbfb275375c637d1961bb,0x1901b3ded2bdbff5db1a87f6d551fa256e9f2bd6517a3bb84f4c2ea863fb3a559622c6629febaae1789a426577883b300befb8233997e6b8043c8b382223d2c3702d,39,3,0x,0xee5B5B923fFcE93A870B3104b7CA09c3db80047A,25000000000000000000000,"[0x828424517F9F04015db02169f4026D57B2B07229, 0xBE72691acA605050d1e693a2C2C6A9f3F41dC939, 0xe3dF2cCEAc61B1aFA311372ecC5B40A3A6585a9E]"
13744768,0x0ff447749f34aa2ffdd35998b37ff1ae8c2a05527b82eb80d241a151869d8012,0xf9477a3b79daa9d7c1d5569e99e8668f5f399723bed83c764c9085a87f78a516,0x1901b3ded2bdbff5db1a87f6d551fa256e9f2bd6517a3bb84f4c2ea863fb3a55962210ce92c730c0f49bf63eec96a3ffe07c4b10a342919d84aab7debf227fdc3832,40,3,0x,0x828424517F9F04015db02169f4026D57B2B07229,9000000000000000000000,"[0x828424517F9F04015db02169f4026D57B2B07229, 0xBE72691acA605050d1e693a2C2C6A9f3F41dC939, 0xe3dF2cCEAc61B1aFA311372ecC5B40A3A6585a9E]"
13809318,0x706c4c77921fd737e7c24fecf7d18a0fa5e4122d2b94141f3cba906d2ea05a9e,0x5ab9e4d0634e5731a6cf3d4c3eb9faed098ddcaa42e2500d20089793eba24f03,0x1901b3ded2bdbff5db1a87f6d551fa256e9f2bd6517a3bb84f4c2ea863fb3a559622704f708992c633c326ece79344c12eed5db54f0a044f19f96a36f77603cc2225,41,3,0x,0xee5B5B923fFcE93A870B3104b7CA09c3db80047A,15000000000000000000000,"[0x828424517F9F04015db02169f4026D57B2B07229, 0xBE72691acA605050d1e693a2C2C6A9f3F41dC939, 0xD367f8322b64F29faF71dDB5c1877dC9ED6EC644]"
14043455,0x230ab2f4d8477e82988e0cc6e0543cc85ddde12e8e22d82f5a89c9de6d1a1c05,0x054f45559bce08c62e346aa8eedd47f59b4e4facc642c0933c6dc1452a77c2e4,0x1901b3ded2bdbff5db1a87f6d551fa256e9f2bd6517a3bb84f4c2ea863fb3a559622c37c4c0c7bf5917fd5c5a8ece68c3ee7cb7df78a3caab15a63119f09ed6af94a,42,3,0x,0xee5B5B923fFcE93A870B3104b7CA09c3db80047A,35000000000000000000000,"[0x2cDD560058D5ac32dc416AAa09Eaf93230c0B7B3, 0x828424517F9F04015db02169f4026D57B2B07229, 0xBE72691acA605050d1e693a2C2C6A9f3F41dC939]"
14317783,0x56a3e452badfad38b8af65d4944eb20860126036d4a8f08865474475d4806ca4,0x2a253d50ff9a22771f7c07b3fcba4b5a2e493a55efc0094e9f82f16ac67e8ae7,0x1901b3ded2bdbff5db1a87f6d551fa256e9f2bd6517a3bb84f4c2ea863fb3a5596221b9295d1df4c929864b68707c1188d7e6b3addc517d29e1b3b974cf3246cd0d1,43,3,0x,0xee5B5B923fFcE93A870B3104b7CA09c3db80047A,35000000000000000000000,"[0x2cDD560058D5ac32dc416AAa09Eaf93230c0B7B3, 0x828424517F9F04015db02169f4026D57B2B07229, 0xBE72691acA605050d1e693a2C2C6A9f3F41dC939]"
14738994,0x7d98aac9dfb246e822e3a5a3659cce0a383ba48dfc83d4f6d9bc4119b8b9433f,0x87b1af7b96e303be52fea3c150b998aa9898d747f07e8b73ebb3f549a22a251e,0x1901b3ded2bdbff5db1a87f6d551fa256e9f2bd6517a3bb84f4c2ea863fb3a5596222803a3d3db6f46b60fa150220adbb0981ab8977ea76f4b3281ddbdf3e1e4dd33,44,3,0x,0xee5B5B923fFcE93A870B3104b7CA09c3db80047A,30000000000000000000000,"[0x2cDD560058D5ac32dc416AAa09Eaf93230c0B7B3, 0x828424517F9F04015db02169f4026D57B2B07229, 0xe3dF2cCEAc61B1aFA311372ecC5B40A3A6585a9E]"
14993825,0xe922a8c6472ee5beb0a58d47f6553ec48c46950394d936faee65b1beeb0e1ad9,0xecf98319d2d470812f956c6baa3636fdfa81b84a2ff990700bf937e070e5f700,0x1901b3ded2bdbff5db1a87f6d551fa256e9f2bd6517a3bb84f4c2ea863fb3a559622fcd2b6be5eab6e539dadd6fad080ce276113d1d42f8b1a2de4530a9ea41d4f06,45,3,0x,0xA2af528689E9df84ea482fbB1Ab7685A9CF1e9f9,15000000000000000000000,"[0x828424517F9F04015db02169f4026D57B2B07229, 0xBE72691acA605050d1e693a2C2C6A9f3F41dC939, 0xD367f8322b64F29faF71dDB5c1877dC9ED6EC644]"
15038884,0x26546ed155f1e7d7f89c5a973014523a6a42520cc8d4f875c655c91c4f1b1b6a,0xbb350a9ad407f8b76d561f1f4a01d8bcc99e185002c1a027abf2894c8d8c3bea,0x1901b3ded2bdbff5db1a87f6d551fa256e9f2bd6517a3bb84f4c2ea863fb3a55962207d6fc1f88a601dbcf7745e757b567fd5c7f57bfdfcae2a8cb148140e5ef0b82,46,3,0x,0xee5B5B923fFcE93A870B3104b7CA09c3db80047A,40000000000000000000000,"[0x828424517F9F04015db02169f4026D57B2B07229, 0xBE72691acA605050d1e693a2C2C6A9f3F41dC939, 0xe3dF2cCEAc61B1aFA311372ecC5B40A3A6585a9E]"
15179262,0x72940b697b062f5d968bacfa0b08f4c2f7401324007fbc5b67d7a6e7b9461e21,0x02845ff2b5887e770ca3a8d52e4babad02f26ebe3754d9d71f490dd06f5a1c2a,0x1901b3ded2bdbff5db1a87f6d551fa256e9f2bd6517a3bb84f4c2ea863fb3a559622e56e8248516f3bab3b9c1d148f7abdf1905f054997b23a2053d28fadda02a4d3,47,3,0x,0xA2af528689E9df84ea482fbB1Ab7685A9CF1e9f9,26000000000000000000000,"[0x2cDD560058D5ac32dc416AAa09Eaf93230c0B7B3, 0x828424517F9F04015db02169f4026D57B2B07229, 0xBE72691acA605050d1e693a2C2C6A9f3F41dC939]"
15575623,0xa9e8e2b93ecc26303771097b51064098e88d573e51496379db093b91a06f6f0a,0x0871ad2539bd3abcf35cf0b1e45d93b23c02f42531101c6e48908688ebadd41a,0x1901b3ded2bdbff5db1a87f6d551fa256e9f2bd6517a3bb84f4c2ea863fb3a5596223acfde15f779cfb635fecffc5b7d0999907b88aed9dddca68adabbbc36d47491,48,3,0x,0x1Db92e2EeBC8E0c075a02BeA49a2935BcD2dFCF4,0,"[0x828424517F9F04015db02169f4026D57B2B07229, 0xBE72691acA605050d1e693a2C2C6A9f3F41dC939, 0xe3dF2cCEAc61B1aFA311372ecC5B40A3A6585a9E]"
15575876,0x66f9d7f33124c85bd15a35ccc20d62a4d83c722a6f969bef284ac4062f84d80f,0x4b5bc9e9f8c01e83bd3ab953c06bc7b93240c0f91127482b97858a9c3cde86fd,0x1901b3ded2bdbff5db1a87f6d551fa256e9f2bd6517a3bb84f4c2ea863fb3a55962257dea4a9554eba815bd7192f30707e98eef089a105688ce09a0a57993d687f0b,49,3,0x,0xA2af528689E9df84ea482fbB1Ab7685A9CF1e9f9,10000000000000000000000,"[0x828424517F9F04015db02169f4026D57B2B07229, 0xBE72691acA605050d1e693a2C2C6A9f3F41dC939, 0xe3dF2cCEAc61B1aFA311372ecC5B40A3A6585a9E]"
15786131,0x78088d70ea5af6f2474bd435e66da0bc29a5b8c26e3a00d29381b08bd8c870d4,0x0f0ca9209684b94773f2f6a430382552f955987bec31f57dd20341f9427bae06,0x1901b3ded2bdbff5db1a87f6d551fa256e9f2bd6517a3bb84f4c2ea863fb3a559622a60c0cd91a4290b5822b8486db0af58945af1a3b74f83b2df91ffba2f4989fc2,50,3,0x,0xA2af528689E9df84ea482fbB1Ab7685A9CF1e9f9,1200000000000000000000,"[0x828424517F9F04015db02169f4026D57B2B07229, 0xD367f8322b64F29faF71dDB5c1877dC9ED6EC644, 0xe3dF2cCEAc61B1aFA311372ecC5B40A3A6585a9E]"
15951887,0x46987f0d0b099c59e931187c4e5e4280113008b91d48620701c7cc9712107dfb,0x5b49c021470c45dff0abed7d74b3b150658770922e52b01db5245967df735004,0x1901b3ded2bdbff5db1a87f6d551fa256e9f2bd6517a3bb84f4c2ea863fb3a55962227b1cc507c795420825c6d60bf8ca07041f60546e6388d41cf8d750c517903c2,51,3,0x,0xee5B5B923fFcE93A870B3104b7CA09c3db80047A,50000000000000000000000,"[0x2cDD560058D5ac32dc416AAa09Eaf93230c0B7B3, 0x828424517F9F04015db02169f4026D57B2B07229, 0xBE72691acA605050d1e693a2C2C6A9f3F41dC939]"
16161554,0x1b697de445ee306a87a124cb2ecaad8faed38da1cb08ecceca2a9368924781f8,0xbcc0cf27a6d3eab407b3b74f7fb479a0e873b47e9790511665ceb2a08ff90a5e,0x1901b3ded2bdbff5db1a87f6d551fa256e9f2bd6517a3bb84f4c2ea863fb3a559622e0af2118beb29903fc1ba60880e603f9a472c2684c89e85f21c0c69fe476189a,52,3,0x,0x1Db92e2EeBC8E0c075a02BeA49a2935BcD2dFCF4,144000000000000,"[0x828424517F9F04015db02169f4026D57B2B07229, 0xD367f8322b64F29faF71dDB5c1877dC9ED6EC644, 0xe3dF2cCEAc61B1aFA311372ecC5B40A3A6585a9E]"
16209901,0x20ec30829d6315d3728cffb0939f1afa4bbd071bf802efc6c720d91c3f99254a,0xe506ed417d0af9d201da4d27b2d09c138e8631fb3911e05c84576567c534afd5,0x1901b3ded2bdbff5db1a87f6d551fa256e9f2bd6517a3bb84f4c2ea863fb3a55962218854d8fb50f21ea6deb7e19056ce60e90097d29b5fa17d9b92bd78076c48644,53,3,0x,0xee5B5B923fFcE93A870B3104b7CA09c3db80047A,20000000000000000000000,"[0x2cDD560058D5ac32dc416AAa09Eaf93230c0B7B3, 0x828424517F9F04015db02169f4026D57B2B07229, 0xBE72691acA605050d1e693a2C2C6A9f3F41dC939]"
16504487,0xb4e20008eff6a4ddb79521fabf7df9bfdb5b4018a60d88624fc1887b65a76433,0x0261e0492211b64eff379da8ef06472e72ed482b830c8193ca4fcf3e65f01b8b,0x1901b3ded2bdbff5db1a87f6d551fa256e9f2bd6517a3bb84f4c2ea863fb3a559622cfa2290d7e3bcce7406930678cc9cef97a0aab2e221171d7b17152886202a4de,54,3,0x0d582f130000000000000000000000003dd4b4dbe6aee6f49a65f0c1ac508deff761c1950000000000000000000000000000000000000000000000000000000000000003,0x1Db92e2EeBC8E0c075a02BeA49a2935BcD2dFCF4,0,"[0x2cDD560058D5ac32dc416AAa09Eaf93230c0B7B3, 0x828424517F9F04015db02169f4026D57B2B07229, 0xe3dF2cCEAc61B1aFA311372ecC5B40A3A6585a9E]"
17961603,0xddd7bf90d134932bcb27eabc6d414a7190fe776336f9a608e19ad22693f4752b,0x3a325ac2855fc926625d04cd82b844d2cb5180e6875995c860426a87b133ae24,0x1901b3ded2bdbff5db1a87f6d551fa256e9f2bd6517a3bb84f4c2ea863fb3a559622af575e834baba5cdfc8a7721c2620554f0f513dd5aa8407f2c1644bf3c00f2c2,55,3,0xe318b52b000000000000000000000000828424517f9f04015db02169f4026d57b2b07229000000000000000000000000be72691aca605050d1e693a2c2c6a9f3f41dc9390000000000000000000000003cc3a225769900e003e264dd4cb43e90896bc21a,0x1Db92e2EeBC8E0c075a02BeA49a2935BcD2dFCF4,0,"[0x3dd4B4dbe6aEe6F49A65F0C1Ac508DeFF761C195, 0x828424517F9F04015db02169f4026D57B2B07229, 0xe3dF2cCEAc61B1aFA311372ecC5B40A3A6585a9E]"
19219710,0xe16f08021f70fa4085273473525045685750e75576756a60336b10a0cf85221f,0x733a0616925880ef80eba1b5f703ec043470a815914579ae788c04b47894423f,0x1901b3ded2bdbff5db1a87f6d551fa256e9f2bd6517a3bb84f4c2ea863fb3a5596223d279b170aa5ed47a7e20c437b7ccfd1e13172ea8f9d46a37eb461b674808a87,56,3,0x,0xee5B5B923fFcE93A870B3104b7CA09c3db80047A,60000000000000000000000,"[0x3dd4B4dbe6aEe6F49A65F0C1Ac508DeFF761C195, 0x828424517F9F04015db02169f4026D57B2B07229, 0xD367f8322b64F29faF71dDB5c1877dC9ED6EC644]"
19283765,0xa72a14a10ad5e00cabd8aa62d8bf088adfc0d6c8f46e1a5fdeebafab9df9b55d,0x1e22cb800f9b817135ecd6de4572bc78da48c07494ee4e309c4e80b69f1dec14,0x1901b3ded2bdbff5db1a87f6d551fa256e9f2bd6517a3bb84f4c2ea863fb3a5596223f7d4211a1e0877442a160db82132f10c7313f1012191dfa6ad4f38bfb045b2c,57,3,0x,0xee5B5B923fFcE93A870B3104b7CA09c3db80047A,30000000000000000000000,"[0x3Cc3A225769900e003E264dd4CB43E90896BC21A, 0x3dd4B4dbe6aEe6F49A65F0C1Ac508DeFF761C195, 0x828424517F9F04015db02169f4026D57B2B07229]"
19972906,0x8a7d5a4d574a8da24b5f68e11cb1fca2166dffa805d71df305b2ee4a12b4af07,0x3983f5a3be35cba2a02f4ce5dae350d242ea0e699ecf802be44068272c016c1b,0x1901b3ded2bdbff5db1a87f6d551fa256e9f2bd6517a3bb84f4c2ea863fb3a5596223064af94929c18d006890668c059f0fb9f7c61f70b6b707d628be6b424a334dd,58,3,0x,0x1Db92e2EeBC8E0c075a02BeA49a2935BcD2dFCF4,542000000000000,"[0x3dd4B4dbe6aEe6F49A65F0C1Ac508DeFF761C195, 0x828424517F9F04015db02169f4026D57B2B07229, 0xe3dF2cCEAc61B1aFA311372ecC5B40A3A6585a9E]"
20230483,0x1425b4dad07b6812d356a00919f6fca35c7f67dda1476581fabe06820101c888,0x0402a292bbf8d96d4624479b807018a872b6ce6796f286b31843bbedf305cce1,0x1901b3ded2bdbff5db1a87f6d551fa256e9f2bd6517a3bb84f4c2ea863fb3a559622768c567c16b96ab22489e6401f88d7fd0e9daee73cca79285c0e4ee9063574f4,59,3,0x0d582f130000000000000000000000001f4eb0a903619ac168b19a82f1a6e2e4265222110000000000000000000000000000000000000000000000000000000000000003,0x1Db92e2EeBC8E0c075a02BeA49a2935BcD2dFCF4,0,"[0x3dd4B4dbe6aEe6F49A65F0C1Ac508DeFF761C195, 0x828424517F9F04015db02169f4026D57B2B07229, 0xe3dF2cCEAc61B1aFA311372ecC5B40A3A6585a9E]"
20237222,0x62e69929856083fb847caa54f647ebc7095a0f0dbdbfaea0530b55f47ba4fc37,0xdb96abf97c7f8187f57c9da5ffc2e2cd437b6040989239a694c742cfdb0ec247,0x1901b3ded2bdbff5db1a87f6d551fa256e9f2bd6517a3bb84f4c2ea863fb3a5596227dc4c24a997ca1aa3c58a1684746b9139890fbc94f64c5b46c4e61275a7fdab8,60,3,0xf8dc5dd90000000000000000000000001f4eb0a903619ac168b19a82f1a6e2e4265222110000000000000000000000003dd4b4dbe6aee6f49a65f0c1ac508deff761c1950000000000000000000000000000000000000000000000000000000000000003,0x1Db92e2EeBC8E0c075a02BeA49a2935BcD2dFCF4,0,"[0x1F4EB0a903619ac168b19A82F1a6e2e426522211, 0x3dd4B4dbe6aEe6F49A65F0C1Ac508DeFF761C195, 0x828424517F9F04015db02169f4026D57B2B07229]"
21011829,0x5ee5baab0a133296a3698884645c6c9c79cedb5e01c61706a9cfd3fe7e1d9a74,0x1146aba297e1690d16652ebe64a2f5d1b50995f98719a5f41548ef07b9fec481,0x1901b3ded2bdbff5db1a87f6d551fa256e9f2bd6517a3bb84f4c2ea863fb3a5596222cc4b5d458c84e28df70d779661e95ffcadbdc2090cc75edd4343bcf04312fe2,61,3,0x,0xECa33dc9E896072d4EdC4A02183910376D4B5E76,14000000000000000000000,"[0x1F4EB0a903619ac168b19A82F1a6e2e426522211, 0x3Cc3A225769900e003E264dd4CB43E90896BC21A, 0x828424517F9F04015db02169f4026D57B2B07229]"
21300819,0xe14b288b31fa2fe2d33220616505d20580cf2d368457d918314ca05d035694b5,0xe215bfbdc9375ce0c57b4bbfd8bdf90dc863bfd9a96900791795323a7a549e65,0x1901b3ded2bdbff5db1a87f6d551fa256e9f2bd6517a3bb84f4c2ea863fb3a55962294d18a92b9dc6c24d69f187a7927705f76d7c2ac40982d87366ead6632ad5545,62,3,0x,0x88a1493366D48225fc3cEFbdae9eBb23E323Ade3,30000000000000000000000,"[0x1F4EB0a903619ac168b19A82F1a6e2e426522211, 0x828424517F9F04015db02169f4026D57B2B07229, 0xe3dF2cCEAc61B1aFA311372ecC5B40A3A6585a9E]"
21322699,0x765f59ff894eec9c69ebc93c8c2b828d9556d287af14d444142db58b08d2a6c2,0x9ffa6bcc269807471d0bd100168d92d877d807c6656287a6c8dab132e8853d8b,0x1901b3ded2bdbff5db1a87f6d551fa256e9f2bd6517a3bb84f4c2ea863fb3a5596221c7de7e205dbd922bad4e0ba929e36bdae6cc74f3f104d38ccfd078890080c22,63,3,0x,0x88a1493366D48225fc3cEFbdae9eBb23E323Ade3,30000000000000000000000,"[0x1F4EB0a903619ac168b19A82F1a6e2e426522211, 0x2cDD560058D5ac32dc416AAa09Eaf93230c0B7B3, 0xe3dF2cCEAc61B1aFA311372ecC5B40A3A6585a9E]"
21441578,0xa78efc010410fc345844796b032c28bdf44bea79bf325f00f49c83ed6f2297e0,0x3a1a6e9453ef993d69746dec0f454dffd4a557cfdb7963c28d778afb01662e35,0x1901b3ded2bdbff5db1a87f6d551fa256e9f2bd6517a3bb84f4c2ea863fb3a5596229edf510f4c69fb8033381a09bc7966d53537ace2ef9bc9aa2bac568b79144077,64,3,0x,0x88a1493366D48225fc3cEFbdae9eBb23E323Ade3,30000000000000000000000,"[0x1F4EB0a903619ac168b19A82F1a6e2e426522211, 0x3Cc3A225769900e003E264dd4CB43E90896BC21A, 0xe3dF2cCEAc61B1aFA311372ecC5B40A3A6585a9E]"
21505549,0xd5d746c967b9720a2e2329ec3ccd8a24774b4a7588292d745abec325eba0b8b6,0x232e9c50965997d04d38c002ca162b3b27f99129791d321265e51dc1cc0844e2,0x1901b3ded2bdbff5db1a87f6d551fa256e9f2bd6517a3bb84f4c2ea863fb3a5596223fd4a990998705c9fb9ef22706a80b8c9d766d042656a9ae241da1a0bb1fefe9,65,3,0x,0x88a1493366D48225fc3cEFbdae9eBb23E323Ade3,30000000000000000000000,"[0x1F4EB0a903619ac168b19A82F1a6e2e426522211, 0x3Cc3A225769900e003E264dd4CB43E90896BC21A, 0xD367f8322b64F29faF71dDB5c1877dC9ED6EC644]"
21616554,0x197faa71ca0ed0c2aa5c35700c596efa32b4440c3c7bfc1bd23cd1dedbd5cddb,0x982314ed26067308d5795cefadc18b0b457b122fd2ed4d5b88b4d721a115a076,0x1901b3ded2bdbff5db1a87f6d551fa256e9f2bd6517a3bb84f4c2ea863fb3a5596225283e10838f8a731c23c3b94cd8f62107873f3f20e77f635bfbf1773eb64de79,66,3,0x,0x88a1493366D48225fc3cEFbdae9eBb23E323Ade3,30000000000000000000000,"[0x1F4EB0a903619ac168b19A82F1a6e2e426522211, 0x2cDD560058D5ac32dc416AAa09Eaf93230c0B7B3, 0x828424517F9F04015db02169f4026D57B2B07229]"
21622402,0xf356b8a8b3dcd1530ef7ee3d2a896e5f0035ea9833cdf6f0fbea6f7b4369c813,0xad245c7f3218995cb1e6a723dce14910d23a5105d997650704b82d8e005efcf7,0x1901b3ded2bdbff5db1a87f6d551fa256e9f2bd6517a3bb84f4c2ea863fb3a559622ae4713e89c1bf5c454dfa44e2bea384023eab225e4c9de9138afa58555f23541,67,3,0xa9059cbb000000000000000000000000f89d7b9c864f589bbf53a82105107622b35eaa4000000000000000000000000000000000000000000000010f0cf064dd59200000,0xd5F7838F5C461fefF7FE49ea5ebaF7728bB0ADfa,0,"[0x1F4EB0a903619ac168b19A82F1a6e2e426522211, 0x828424517F9F04015db02169f4026D57B2B07229, 0xe3dF2cCEAc61B1aFA311372ecC5B40A3A6585a9E]"
21731071,0x631bb8e5bd386722d8e3f8dd54ca887db0eb5a4bb8b30ce1be6fb6c12714193d,0x2f0cb1dee09b61ef88520a2b766c32594689ecc1002e13bafe54918310746bf4,0x1901b3ded2bdbff5db1a87f6d551fa256e9f2bd6517a3bb84f4c2ea863fb3a55962285bc2da4c981def75dd1f397e78c73d12a60762e1aa8309fde83f62ff8f09312,68,3,0x,0xf89d7b9c864f589bbF53a82105107622B35EaA40,30000000000000000000000,"[0x1F4EB0a903619ac168b19A82F1a6e2e426522211, 0x3Cc3A225769900e003E264dd4CB43E90896BC21A, 0x828424517F9F04015db02169f4026D57B2B07229]"
21764653,0x3e10310c05bb87269bfd60f67e13fd9dff4da80b4e47a541af1835f15fd96071,0xe8c45062336eaa284c5f1102f4ad58d29b5c9fa5df1f9a3f4c1b76c826a8f89c,0x1901b3ded2bdbff5db1a87f6d551fa256e9f2bd6517a3bb84f4c2ea863fb3a5596228866f58665c127f5f427374f3b9d09542119a30ce9581fbbff289f62a799cc65,69,3,0x,0xf89d7b9c864f589bbF53a82105107622B35EaA40,30000000000000000000000,"[0x1F4EB0a903619ac168b19A82F1a6e2e426522211, 0x3Cc3A225769900e003E264dd4CB43E90896BC21A, 0x828424517F9F04015db02169f4026D57B2B07229]"
21767237,0x5bd338eb788898addcbd079cac3e661ae139f0b3b5fb354f83012a438da88b71,0x2802c80b37293b9b57eb02deb85196103b6b74f0220b0928bb1c1c96f59e04f8,0x1901b3ded2bdbff5db1a87f6d551fa256e9f2bd6517a3bb84f4c2ea863fb3a559622b2da24b48dedaa08ac1c142fcacf58d070ea861962804cd73fa35627bda30aee,70,3,0x,0xf89d7b9c864f589bbF53a82105107622B35EaA40,60000000000000000000000,"[0x1F4EB0a903619ac168b19A82F1a6e2e426522211, 0x2cDD560058D5ac32dc416AAa09Eaf93230c0B7B3, 0xe3dF2cCEAc61B1aFA311372ecC5B40A3A6585a9E]"
21895238,0x46deef0f52e3a983b67abf4714448a41dd7ffd6d32d32da69d62081c68ad7882,0xb3476d061aeb8fc1d605a873c483a2402d88a68a9cdd1a8b47655dd55ba004f8,0x1901b3ded2bdbff5db1a87f6d551fa256e9f2bd6517a3bb84f4c2ea863fb3a559622ea68fc75e93bf7286b1257680ca8e2033bfadd8e1cb8a23f3ca18f1031ecf1e0,71,3,0xa9059cbb000000000000000000000000bdd077f651ebe7f7b3ce16fe5f2b025be29695160000000000000000000000000000000000000000000000000000000000000000,0x96221423681A6d52E184D440a8eFCEbB105C7242,0,"[0x1F4EB0a903619ac168b19A82F1a6e2e426522211, 0x3Cc3A225769900e003E264dd4CB43E90896BC21A, 0xe3dF2cCEAc61B1aFA311372ecC5B40A3A6585a9E]"
